reference,firstname,lastname,home_phone_number,mobile_phone_number,email,address
1,Ryann,Howley,561-801-6940,891-190-1713,rhowley0@barnesandnoble.com,40915 Doe Crossing Point
2,Nicola,Menichino,132-420-4264,310-188-5060,nmenichino1@fastcompany.com,031 Straubel Parkway
3,Giovanni,Chippindale,235-955-7191,674-958-1662,gchippindale2@google.co.jp,7047 Starling Terrace
4,Emmery,Zelake,959-627-6276,398-383-6287,ezelake3@gravatar.com,2318 Elka Park
5,Dave,Meininger,621-444-9543,932-557-5154,dmeininger4@newyorker.com,735 Miller Court
6,Sloan,Shoulder,564-695-3627,243-787-0873,sshoulder5@devhub.com,85762 Ohio Terrace
7,Chloe,Moverley,971-919-2786,359-120-6768,cmoverley6@so-net.ne.jp,5 Crowley Way
8,Clair,Gracey,610-514-4605,122-548-4313,cgracey7@sogou.com,19 Lakeland Park
9,Petronille,Cruse,179-969-9567,508-507-1793,pcruse8@japanpost.jp,5 Packers Pass
10,Aindrea,Liffe,459-563-3572,108-753-8157,aliffe9@state.gov,489 Myrtle Park
11,Maynord,Measor,554-619-1174,442-459-5734,mmeasora@barnesandnoble.com,68 Luster Pass
12,Sherlock,Kundt,669-962-6004,763-550-6249,skundtb@columbia.edu,4307 Cardinal Crossing
13,Graig,Lamming,290-621-4287,475-796-9249,glammingc@over-blog.com,3573 2nd Crossing
14,Sue,Muscat,469-558-6907,603-805-8410,smuscatd@symantec.com,42603 Kennedy Street
15,Sean,Dowrey,574-392-8898,538-683-6703,sdowreye@un.org,3362 Hermina Alley
16,Errol,Gilchrest,786-313-1797,587-153-6314,egilchrestf@ibm.com,961 Kings Drive
17,Jareb,Mathissen,492-167-8259,926-844-4859,jmathisseng@ow.ly,38 Pleasure Avenue
18,Zsa zsa,Jedrych,837-193-8311,991-256-5371,zjedrychh@xing.com,77 Loftsgordon Crossing
19,Mona,Eustace,861-229-5617,528-678-0081,meustacei@patch.com,12 Gale Point
20,Gizela,Ponder,720-439-5056,909-977-1467,gponderj@imdb.com,9 Summer Ridge Park
21,Kikelia,Chattoe,727-185-5308,635-199-9746,kchattoek@netvibes.com,23669 Hoard Lane
22,Cob,Josipovitz,646-546-8053,108-121-4254,cjosipovitzl@mit.edu,06 Maryland Circle
23,Jinny,Borghese,224-859-8498,124-757-7694,jborghesem@mayoclinic.com,8797 Utah Circle
24,Nancy,Izkovitch,112-232-5304,716-140-1257,nizkovitchn@indiatimes.com,7 Miller Plaza
25,Tadio,Seiler,413-952-6422,576-585-3814,tseilero@networkadvertising.org,77 Clyde Gallagher Pass
26,Curr,Loadman,378-722-3765,890-928-1403,cloadmanp@pinterest.com,1 Clove Road
27,Kacie,Sedcole,275-680-7205,739-687-4312,ksedcoleq@t.co,18 Gina Place
28,Flint,Jeandot,601-556-5751,590-586-0181,fjeandotr@yandex.ru,6949 Cordelia Crossing
29,Aline,Apfel,448-768-8414,732-425-7118,aapfels@wikimedia.org,3693 Hazelcrest Junction
30,Carroll,Leslie,429-537-9359,453-933-0139,clesliet@house.gov,6 Dwight Center
31,Katerine,Prater,303-584-0644,299-462-0914,kprateru@mysql.com,986 Haas Street
32,Eloisa,Shatliffe,215-624-2434,259-407-4005,eshatliffev@telegraph.co.uk,497 Derek Terrace
33,Ibby,Glassborow,315-226-2256,567-243-9051,iglassboroww@cyberchimps.com,28 Gulseth Park
34,Nikki,Bediss,837-874-3718,415-817-6199,nbedissx@time.com,21501 Cordelia Terrace
35,Elfrida,Fealy,393-947-4457,508-248-9349,efealyy@patch.com,6 Steensland Parkway
36,Zorine,Botterell,619-456-9757,772-259-5722,zbotterellz@forbes.com,36737 Carioca Terrace
37,Ailene,Wardington,715-278-8458,914-428-0098,awardington10@blogs.com,42928 Kenwood Drive
38,Ignacius,Quantrell,227-366-7350,823-267-7005,iquantrell11@hao123.com,99224 Meadow Vale Street
39,Elsi,Hamel,911-789-3042,688-786-3615,ehamel12@sciencedirect.com,6 Scofield Hill
40,Emelia,Inkles,386-755-6253,810-183-1725,einkles13@lulu.com,28817 Clarendon Terrace
41,Nicolette,Marchington,860-849-3482,381-204-9953,nmarchington14@examiner.com,220 Clarendon Center
42,Maxim,Nowakowski,403-592-6841,651-255-4774,mnowakowski15@deviantart.com,03 Algoma Road
43,Dulcine,Heaps,190-967-1120,136-751-6238,dheaps16@uiuc.edu,6 Barby Circle
44,Ab,Spain,650-786-3150,355-428-9810,aspain17@digg.com,74573 Mccormick Lane
45,Gratiana,Bruin,503-231-5202,732-390-8120,gbruin18@newyorker.com,736 Bowman Pass
46,Jamison,Lechmere,849-332-1219,732-376-7077,jlechmere19@narod.ru,0 Saint Paul Center
47,Tedra,Climer,397-397-5139,405-383-8052,tclimer1a@miitbeian.gov.cn,87 Aberg Trail
48,Algernon,Ashfull,329-811-4378,670-135-7566,aashfull1b@github.io,3599 Jay Street
49,Tomlin,Sired,720-999-0487,485-431-8161,tsired1c@macromedia.com,34 South Park
50,Stafford,Hanney,149-207-0107,293-388-8660,shanney1d@sphinn.com,8 Oak Valley Terrace
51,Xavier,Geratt,833-505-6302,885-584-0670,xgeratt1e@house.gov,05 Rutledge Point
52,Rudolph,Edgworth,327-704-2257,997-261-5833,redgworth1f@facebook.com,2 Barnett Hill
53,Roderick,Reyner,378-772-1661,252-516-4921,rreyner1g@timesonline.co.uk,464 Tony Park
54,Roseline,Jime,181-894-4570,850-570-5699,rjime1h@yale.edu,5 Larry Parkway
55,Chrystal,Holston,103-591-3996,887-908-1780,cholston1i@microsoft.com,62 Ronald Regan Place
56,Emmalynn,Austins,105-115-0391,572-718-5167,eaustins1j@nhs.uk,7 Weeping Birch Pass
57,Dollie,Allan,106-571-4204,619-741-1072,dallan1k@fda.gov,719 Merry Pass
58,Ariadne,Cosh,301-868-5279,798-812-0186,acosh1l@skyrock.com,1 Monument Junction
59,Everard,Santello,649-705-3045,381-631-8492,esantello1m@skype.com,3834 Lien Place
60,Shandy,Klosterman,875-675-8606,540-465-0722,sklosterman1n@jugem.jp,46 Bunker Hill Pass
61,Cordell,Smurfitt,992-561-3541,867-633-5340,csmurfitt1o@ocn.ne.jp,5931 Dexter Crossing
62,Lauretta,Larimer,186-446-1716,938-180-8665,llarimer1p@canalblog.com,073 Milwaukee Avenue
63,Florian,Hearons,312-971-2424,788-494-9821,fhearons1q@marketwatch.com,72500 Redwing Drive
64,Torry,Couchman,877-184-1970,347-812-9399,tcouchman1r@europa.eu,41 Green Ridge Terrace
65,Early,Atteridge,626-191-3062,230-729-4957,eatteridge1s@pinterest.com,4 Ruskin Point
66,Kariotta,Bourdas,701-258-0549,472-704-3494,kbourdas1t@google.ca,8300 Towne Point
67,Eleen,Battyll,433-366-1710,888-268-1298,ebattyll1u@technorati.com,2915 Longview Terrace
68,Beatrisa,Loweth,223-551-5212,162-447-6963,bloweth1v@netscape.com,92 Farmco Trail
69,Sharline,Jopling,616-684-3329,629-899-0914,sjopling1w@ucsd.edu,0854 Ryan Junction
70,Francis,Braunlein,417-998-6184,930-720-9471,fbraunlein1x@mail.ru,1986 Dunning Circle
71,Burlie,Gammie,304-817-1651,605-990-8902,bgammie1y@printfriendly.com,44942 Morrow Lane
72,Meggi,Wrightem,502-580-5358,555-764-1775,mwrightem1z@businesswire.com,8283 La Follette Street
73,Udall,Schollar,641-492-8925,885-662-6509,uschollar20@myspace.com,96202 8th Hill
74,Florenza,Tunkin,286-324-8943,473-514-1818,ftunkin21@harvard.edu,3102 Donald Trail
75,Fee,Goodhand,577-329-7153,509-804-6591,fgoodhand22@toplist.cz,36 Kensington Junction
76,Laina,Slateford,464-402-9755,495-380-2091,lslateford23@rambler.ru,32927 Dunning Street
77,Hillyer,McTear,123-558-9886,838-156-3446,hmctear24@engadget.com,778 Hayes Drive
78,Kaylil,Ferreras,660-756-6614,608-601-5398,kferreras25@thetimes.co.uk,3 Victoria Parkway
79,Odille,Papen,899-133-0249,582-178-1423,opapen26@tamu.edu,6968 Petterle Court
80,Joane,De Winton,662-197-1605,859-801-0816,jdewinton27@wp.com,60380 Pond Street
81,Novelia,Branchett,518-623-3803,200-749-0925,nbranchett28@smh.com.au,525 Mallard Terrace
82,Jeanna,Ropking,729-969-2372,191-757-7896,jropking29@vkontakte.ru,53 Old Shore Alley
83,Rachel,Cocke,989-299-3068,358-415-7046,rcocke2a@free.fr,75342 Novick Way
84,Astrid,Boraston,187-378-6383,427-566-1790,aboraston2b@merriam-webster.com,151 Mitchell Hill
85,Felicle,Spriggin,470-820-0867,859-999-0511,fspriggin2c@i2i.jp,4999 Jay Circle
86,Domingo,Peppett,596-636-5976,602-529-9601,dpeppett2d@seesaa.net,3916 Manley Crossing
87,Matty,Lanktree,686-953-8262,870-683-5883,mlanktree2e@hugedomains.com,07 Roth Avenue
88,Ethan,Chesley,552-419-6347,374-530-7820,echesley2f@cloudflare.com,37 West Terrace
89,Bradley,Shimwall,483-132-4753,377-464-1000,bshimwall2g@mysql.com,2536 Meadow Valley Street
90,Risa,Rosenblatt,212-301-5352,420-784-2465,rrosenblatt2h@wunderground.com,82634 Sloan Junction
91,Orelie,Ashbey,501-573-7309,917-698-8524,oashbey2i@edublogs.org,86 Bartelt Hill
92,Lynette,Ellard,328-197-6036,827-238-6273,lellard2j@myspace.com,853 Debra Lane
93,Georgy,Joska,457-719-4228,618-314-5626,gjoska2k@is.gd,33 Farragut Circle
94,Gayel,Marke,459-333-7107,956-846-4063,gmarke2l@dell.com,1467 Sunbrook Park
95,Rosamund,Seyfart,373-669-2452,194-554-0813,rseyfart2m@discovery.com,283 Boyd Alley
96,Kelli,Kenafaque,396-903-2082,836-384-9866,kkenafaque2n@cocolog-nifty.com,8855 Dayton Terrace
97,Clair,Demeter,777-733-4081,166-132-3210,cdemeter2o@sohu.com,99919 Eggendart Plaza
98,Ernestus,Meneely,806-538-4759,471-598-6781,emeneely2p@reverbnation.com,3279 Armistice Center
99,Elihu,Lippett,228-750-8911,533-787-3012,elippett2q@cafepress.com,97 Moland Junction
100,Eli,Barnby,621-513-6597,286-269-3531,ebarnby2r@barnesandnoble.com,2 Trailsway Circle
101,Babs,Cuberley,921-932-4983,361-125-3858,bcuberley2s@washingtonpost.com,6651 Vernon Point
102,Sheridan,Eadmeades,210-692-0638,836-150-3495,seadmeades2t@drupal.org,15 Summerview Point
103,Thibaud,Fontes,582-177-2054,345-594-0854,tfontes2u@xrea.com,9 Sundown Circle
104,Luther,Crawshay,822-426-8155,153-671-2160,lcrawshay2v@sciencedaily.com,908 Anniversary Lane
105,Perrine,Bergeon,279-121-1563,512-237-9031,pbergeon2w@ibm.com,5393 Carpenter Road
106,Theo,Kinder,165-833-5862,612-754-4691,tkinder2x@google.ca,90225 Gulseth Plaza
107,Sanford,Saladine,869-871-5869,943-246-5879,ssaladine2y@yandex.ru,2 Harbort Drive
108,Anne-marie,Di Dello,240-903-8269,377-128-0721,adidello2z@si.edu,5 Independence Court
109,Paloma,Rathke,325-146-4490,121-226-0482,prathke30@hao123.com,619 Elmside Way
110,Eveline,Vella,948-962-9695,896-603-9398,evella31@cmu.edu,174 Crest Line Junction
111,Mattheus,Lissemore,311-710-3142,239-833-8132,mlissemore32@bizjournals.com,74 East Court
112,Pebrook,Romaint,524-749-2553,508-743-8368,promaint33@google.es,9987 Hermina Alley
113,Mag,Meiklejohn,531-134-7514,355-546-6145,mmeiklejohn34@unc.edu,8511 Valley Edge Street
114,Shanta,Morot,917-469-9046,982-449-5572,smorot35@scientificamerican.com,63 Fallview Trail
115,Sophey,Chuck,424-909-4884,967-350-0056,schuck36@last.fm,52 Chive Street
116,Dell,Ockendon,472-511-7888,327-574-3766,dockendon37@scientificamerican.com,6 Becker Street
117,Nickolas,Yokel,306-554-9417,474-954-5325,nyokel38@usda.gov,68 Fallview Street
118,Gregorius,Longstreeth,766-228-8771,925-343-6076,glongstreeth39@4shared.com,0130 Oak Valley Hill
119,Artair,Seeking,462-447-4324,469-898-2890,aseeking3a@ovh.net,03 Carioca Court
120,Sofia,Bottrill,604-327-3339,332-368-6590,sbottrill3b@rediff.com,52 Crescent Oaks Center
121,Constance,Murfin,902-700-9951,769-434-6789,cmurfin3c@ucoz.ru,17919 Manitowish Trail
122,Hashim,Parsand,751-223-6454,364-524-4535,hparsand3d@friendfeed.com,81846 International Avenue
123,Obediah,Lorente,839-158-4641,755-286-6717,olorente3e@sakura.ne.jp,2 New Castle Road
124,Karlan,Megroff,900-803-3994,456-163-8602,kmegroff3f@goodreads.com,579 Center Crossing
125,Edgard,Boylin,396-812-7571,282-746-5388,eboylin3g@webnode.com,696 Corscot Circle
126,Ronny,Gentzsch,313-829-5840,729-314-6077,rgentzsch3h@unesco.org,38903 Main Plaza
127,Rhianon,Illwell,471-522-2378,380-832-2027,rillwell3i@tmall.com,89 Lotheville Court
128,Wini,Dolden,225-110-1333,307-508-1772,wdolden3j@360.cn,2853 Buell Way
129,Lil,Bastiman,388-432-7877,294-787-5548,lbastiman3k@tinypic.com,4 Nancy Parkway
130,Ringo,Mouatt,267-444-1910,559-304-4276,rmouatt3l@mac.com,97669 Spenser Terrace
131,Clem,Southward,736-914-1319,165-839-7015,csouthward3m@smh.com.au,11 Spohn Junction
132,Ase,Grisley,570-222-0837,989-455-7860,agrisley3n@squarespace.com,8242 Reindahl Way
133,Pattie,Scrivin,252-459-4107,612-962-7356,pscrivin3o@jalbum.net,07 Spenser Terrace
134,Sherman,Corlett,638-867-1452,702-467-0252,scorlett3p@eventbrite.com,0 Buell Junction
135,Ivette,Bukowski,562-630-7908,843-656-0975,ibukowski3q@hhs.gov,62588 Doe Crossing Plaza
136,Bobina,Swinley,531-314-3201,797-238-6341,bswinley3r@yale.edu,041 Forest Park
137,Cece,Yielding,305-386-5257,850-913-6692,cyielding3s@spotify.com,9 Arizona Junction
138,Lurlene,Hesse,469-806-2051,540-192-8392,lhesse3t@yandex.ru,63119 Dakota Lane
139,Jacobo,Dudding,714-138-3911,690-250-0820,jdudding3u@columbia.edu,5 Harbort Avenue
140,Inglis,Reyson,919-218-2484,190-101-9015,ireyson3v@hibu.com,640 Meadow Valley Terrace
141,Halley,Hellin,980-916-7878,216-116-4177,hhellin3w@ed.gov,2156 Banding Avenue
142,Dori,Causbey,481-280-9740,831-560-6597,dcausbey3x@ehow.com,61 Northwestern Place
143,Britte,Arnold,435-982-1239,314-733-3268,barnold3y@google.com,4371 Forest Lane
144,Bernadette,Normanville,917-119-6324,131-324-5460,bnormanville3z@earthlink.net,791 Linden Road
145,Cornelle,Fishenden,520-361-1325,348-892-7549,cfishenden40@statcounter.com,6 Dottie Point
146,Oliviero,Robak,379-864-9318,609-821-8612,orobak41@over-blog.com,98110 Eagan Road
147,Ainsley,Szimon,453-915-2124,192-978-6805,aszimon42@dedecms.com,8 Anthes Way
148,Yasmeen,Simoneau,300-251-9644,362-426-4823,ysimoneau43@apple.com,59673 Eagan Place
149,Trula,O'Crigan,904-337-0224,386-118-2695,tocrigan44@shareasale.com,8609 Marquette Place
150,Ruy,Sadler,705-804-3738,841-689-8984,rsadler45@engadget.com,08284 Carberry Pass
151,Vanya,Whitefoot,853-812-5012,271-307-1896,vwhitefoot46@tinyurl.com,55974 Orin Avenue
152,Fannie,MacIlriach,653-986-7356,428-340-2568,fmacilriach47@auda.org.au,81061 Eagle Crest Alley
153,Kathy,Girodier,598-150-7125,848-981-4490,kgirodier48@smugmug.com,1248 Colorado Crossing
154,Adler,Goldsberry,885-583-3602,320-258-4016,agoldsberry49@dropbox.com,1208 Golf View Circle
155,Nester,McAdam,492-239-2943,678-637-3336,nmcadam4a@wix.com,5913 Pennsylvania Plaza
156,Becca,Eltringham,745-217-4384,991-332-3728,beltringham4b@usnews.com,203 Aberg Drive
157,Gilligan,Tinton,605-636-0285,152-235-0553,gtinton4c@qq.com,93 Porter Point
158,Ashien,Kleeborn,243-880-7873,598-653-1736,akleeborn4d@dmoz.org,85642 Orin Alley
159,Pepito,Osgerby,204-875-2773,373-559-8840,posgerby4e@spotify.com,3060 Dixon Park
160,Kayley,Dan,393-391-0718,172-612-4487,kdan4f@answers.com,26 Texas Road
161,Wilmar,Hurrion,804-307-5718,615-134-5358,whurrion4g@ca.gov,28980 Vernon Plaza
162,Shanta,Gergely,391-986-5004,154-482-4383,sgergely4h@ifeng.com,1 Basil Hill
163,Thomasin,Missington,371-832-4924,577-718-8671,tmissington4i@google.cn,6177 Pepper Wood Junction
164,Carolynn,Reckus,141-539-0772,862-759-3239,creckus4j@hhs.gov,0 Menomonie Way
165,Paolina,Feakins,867-601-4092,999-462-5428,pfeakins4k@quantcast.com,3068 Ronald Regan Crossing
166,Wash,Britnell,418-845-5053,479-232-4740,wbritnell4l@yolasite.com,3259 Scott Road
167,Kirsti,Toffanelli,250-229-8562,298-722-3829,ktoffanelli4m@flickr.com,95 6th Junction
168,Bamby,Binstead,490-997-6025,276-412-1793,bbinstead4n@moonfruit.com,59 Karstens Way
169,Sterling,Petrowsky,892-986-1656,204-905-3355,spetrowsky4o@oracle.com,32707 Carpenter Circle
170,Livvyy,Murrigans,417-882-1940,745-647-7157,lmurrigans4p@apple.com,5 Vera Park
171,Freemon,Simes,816-627-7021,419-514-8093,fsimes4q@comcast.net,884 Blaine Terrace
172,Felisha,Massen,598-988-7456,275-973-6591,fmassen4r@virginia.edu,2592 Fordem Place
173,Pryce,Drain,539-663-4230,347-112-0616,pdrain4s@patch.com,6518 Garrison Place
174,Louisa,Pember,165-927-4853,859-183-0278,lpember4t@altervista.org,8568 Marquette Street
175,Michal,Olczyk,651-918-8646,580-858-1040,molczyk4u@zdnet.com,820 Gateway Court
176,Gus,Dofty,372-122-2353,944-712-4685,gdofty4v@eepurl.com,70514 Hayes Plaza
177,Glenn,Lamputt,606-333-6401,417-818-2390,glamputt4w@nymag.com,1 Ludington Crossing
178,Rene,Maisey,852-656-9242,739-618-5063,rmaisey4x@infoseek.co.jp,4 Buhler Center
179,Gran,Edgerton,369-597-5313,721-822-1868,gedgerton4y@princeton.edu,9 Drewry Alley
180,Kaiser,Pateman,818-577-3205,365-655-3927,kpateman4z@so-net.ne.jp,96 Russell Lane
181,Enrique,Cartmell,499-265-7272,407-181-4964,ecartmell50@cdbaby.com,51 Westend Circle
182,Malena,Leggat,644-737-5246,257-243-9543,mleggat51@wikia.com,320 Gateway Avenue
183,Flory,Cristoferi,882-635-2838,968-130-9777,fcristoferi52@squarespace.com,4 Banding Plaza
184,Kip,Parlott,815-639-9784,254-665-7025,kparlott53@state.tx.us,94036 Pennsylvania Avenue
185,Selby,Matzeitis,976-620-8132,166-872-3922,smatzeitis54@yale.edu,843 Rowland Center
186,Laurens,Marsham,265-574-9666,266-828-2199,lmarsham55@youtu.be,48 Meadow Valley Hill
187,Derk,Mengue,572-461-8296,771-934-1407,dmengue56@reddit.com,69764 Onsgard Park
188,Elfrieda,Warmisham,515-984-4751,457-567-1905,ewarmisham57@t.co,3251 Anhalt Terrace
189,Dyanna,Coverley,506-161-7252,155-285-2748,dcoverley58@tripadvisor.com,71530 Hoffman Pass
190,Manny,Truggian,905-440-9076,999-877-7668,mtruggian59@storify.com,39272 Oakridge Plaza
191,Ricca,Coverdill,446-656-0865,826-994-6203,rcoverdill5a@t-online.de,22220 Portage Way
192,Hazlett,Bessett,805-292-0463,333-455-4622,hbessett5b@aol.com,6 Sheridan Point
193,Thaddus,Gosnoll,177-433-4872,810-494-8209,tgosnoll5c@canalblog.com,9769 Corben Terrace
194,Allyson,Grover,240-316-2150,582-284-9713,agrover5d@theguardian.com,9146 Logan Center
195,Tera,Cutford,929-866-1164,167-280-7534,tcutford5e@123-reg.co.uk,26 Ronald Regan Terrace
196,Jamie,Ramsell,595-614-3767,538-884-4632,jramsell5f@drupal.org,492 Marquette Point
197,Delaney,Crannell,475-931-4649,855-539-3143,dcrannell5g@pcworld.com,71 Monument Crossing
198,Pinchas,De la croix,337-811-9057,529-124-8486,pdelacroix5h@wordpress.org,5830 North Street
199,Grethel,Haversum,410-386-7930,476-160-1013,ghaversum5i@boston.com,427 Magdeline Place
200,Alie,Buessen,213-188-3130,771-679-3948,abuessen5j@patch.com,9 Bultman Alley
